{"CS.D.USCGC.TODAY.IP": 1768988756.9223099, "IX.D.NASDAQ.CASH.IP": 1753709584.608669}